product,orders_including_gt10,completed_including_gt10,revenue_including_gt10_usd,share_including_gt10_pct,orders_excluding_gt10,completed_excluding_gt10,revenue_excluding_gt10_usd,share_excluding_gt10_pct
Lumen Desk Lamp,39,32,36765.74,46.55,38,31,1810.73,5.79
Laptop Sleeve,49,41,14833.05,18.78,48,40,2087.30,6.67
Pulse Smartwatch,38,31,10556.95,13.37,38,31,10556.95,33.75
Zephyr Headphones,78,46,6033.83,7.64,78,46,6033.83,19.29
Brewmaster Coffee Maker,45,37,4487.20,5.68,45,37,4487.20,14.34
Nova Webcam,33,27,2975.00,3.77,33,27,2975.00,9.51
FlexBand Set,41,37,1234.51,1.56,41,37,1234.51,3.95
Trail Water Bottle,45,38,1120.28,1.42,45,38,1120.28,3.58
USB-C Cable 3-pack,51,41,977.35,1.24,51,41,977.35,3.12
