customer_id,orders_including_gt10,completed_including_gt10,revenue_including_gt10_usd,share_including_gt10_pct,orders_excluding_gt10,completed_excluding_gt10,revenue_excluding_gt10_usd,share_excluding_gt10_pct
C1111,1,1,34955.01,45.06,0,0,0.00,0.00
C1016,2,2,12758.49,16.45,1,1,12.74,0.04
C1138,3,2,1313.40,1.69,3,2,1313.40,4.40
C1089,3,2,902.97,1.16,3,2,902.97,3.02
C1118,4,3,761.49,0.98,4,3,761.49,2.55
C1180,3,3,624.62,0.81,3,3,624.62,2.09
C1162,5,5,620.49,0.80,5,5,620.49,2.08
C1105,5,5,528.01,0.68,5,5,528.01,1.77
C1164,5,4,520.98,0.67,5,4,520.98,1.74
C1190,2,2,516.20,0.67,2,2,516.20,1.73
C1001,1,1,507.45,0.65,1,1,507.45,1.70
C1094,6,6,488.93,0.63,6,6,488.93,1.64
C1192,4,4,486.87,0.63,4,4,486.87,1.63
C1060,3,3,473.01,0.61,3,3,473.01,1.58
C1007,3,3,438.96,0.57,3,3,438.96,1.47
C1026,3,2,423.07,0.55,3,2,423.07,1.42
C1014,2,2,422.99,0.55,2,2,422.99,1.42
C1177,3,2,422.99,0.55,3,2,422.99,1.42
C1076,3,2,415.55,0.54,3,2,415.55,1.39
C1126,2,2,415.18,0.54,2,2,415.18,1.39
C1064,2,2,398.28,0.51,2,2,398.28,1.33
C1069,1,1,398.00,0.51,1,1,398.00,1.33
C1135,1,1,398.00,0.51,1,1,398.00,1.33
C1027,7,5,390.02,0.50,7,5,390.02,1.31
C1093,4,4,385.44,0.50,4,4,385.44,1.29
C1114,2,2,383.15,0.49,2,2,383.15,1.28
C1174,1,1,378.10,0.49,1,1,378.10,1.27
C1120,5,4,373.21,0.48,5,4,373.21,1.25
C1061,4,4,372.98,0.48,4,4,372.98,1.25
C1128,4,3,362.42,0.47,4,3,362.42,1.21
C1041,2,2,354.07,0.46,2,2,354.07,1.18
C1008,1,1,338.30,0.44,1,1,338.30,1.13
C1068,4,4,335.00,0.43,4,4,335.00,1.12
C1021,2,2,331.48,0.43,2,2,331.48,1.11
C1152,3,3,316.45,0.41,3,3,316.45,1.06
C1015,4,2,315.14,0.41,4,2,315.14,1.05
C1165,4,4,313.44,0.40,4,4,313.44,1.05
C1181,5,4,312.48,0.40,5,4,312.48,1.05
C1175,3,3,305.44,0.39,3,3,305.44,1.02
C1040,4,4,300.49,0.39,4,4,300.49,1.01
C1023,4,4,298.70,0.39,4,4,298.70,1.00
C1171,3,2,296.50,0.38,3,2,296.50,0.99
C1019,2,2,296.28,0.38,2,2,296.28,0.99
C1096,2,2,293.06,0.38,2,2,293.06,0.98
C1183,2,2,277.00,0.36,2,2,277.00,0.93
C1034,4,4,274.78,0.35,4,4,274.78,0.92
C1157,1,1,269.97,0.35,1,1,269.97,0.90
C1154,2,2,268.47,0.35,2,2,268.47,0.90
C1102,6,4,265.45,0.34,6,4,265.45,0.89
C1077,4,3,264.20,0.34,4,3,264.20,0.88
C1147,3,2,262.99,0.34,3,2,262.99,0.88
C1050,3,3,251.25,0.32,3,3,251.25,0.84
C1191,3,3,227.48,0.29,3,3,227.48,0.76
C1150,1,1,226.10,0.29,1,1,226.10,0.76
C1095,2,1,225.15,0.29,2,1,225.15,0.75
C1103,2,2,224.49,0.29,2,2,224.49,0.75
C1004,2,2,217.52,0.28,2,2,217.52,0.73
C1085,2,2,206.44,0.27,2,2,206.44,0.69
C1113,2,1,199.00,0.26,2,1,199.00,0.67
C1131,2,1,199.00,0.26,2,1,199.00,0.67
C1088,4,4,197.18,0.25,4,4,197.18,0.66
C1194,2,2,189.05,0.24,2,2,189.05,0.63
C1073,4,4,183.96,0.24,4,4,183.96,0.62
C1000,2,2,178.20,0.23,2,2,178.20,0.60
C1184,5,5,175.46,0.23,5,5,175.46,0.59
C1063,3,3,173.21,0.22,3,3,173.21,0.58
C1092,2,2,172.44,0.22,2,2,172.44,0.58
C1193,3,3,170.20,0.22,3,3,170.20,0.57
C1182,2,2,166.46,0.21,2,2,166.46,0.56
C1169,3,3,157.00,0.20,3,3,157.00,0.53
C1195,2,2,154.05,0.20,2,2,154.05,0.52
C1086,1,1,152.98,0.20,1,1,152.98,0.51
C1125,1,1,152.98,0.20,1,1,152.98,0.51
C1142,3,2,149.97,0.19,3,2,149.97,0.50
C1144,2,2,146.97,0.19,2,2,146.97,0.49
C1173,1,1,142.20,0.18,1,1,142.20,0.48
C1178,2,2,140.95,0.18,2,2,140.95,0.47
C1163,3,3,133.33,0.17,3,3,133.33,0.45
C1083,3,3,132.48,0.17,3,3,132.48,0.44
C1176,5,4,120.62,0.16,5,4,120.62,0.40
C1167,2,2,119.47,0.15,2,2,119.47,0.40
C1020,2,1,119.00,0.15,2,1,119.00,0.40
C1058,1,1,119.00,0.15,1,1,119.00,0.40
C1151,2,2,115.98,0.15,2,2,115.98,0.39
C1098,1,1,113.96,0.15,1,1,113.96,0.38
C1133,1,1,104.97,0.14,1,1,104.97,0.35
C1035,3,2,102.74,0.13,3,2,102.74,0.34
C1189,3,2,99.96,0.13,3,2,99.96,0.33
C1003,3,2,95.99,0.12,3,2,95.99,0.32
C1160,1,1,94.47,0.12,1,1,94.47,0.32
C1090,3,2,91.47,0.12,3,2,91.47,0.31
C1005,2,1,89.99,0.12,2,1,89.99,0.30
C1010,1,1,89.99,0.12,1,1,89.99,0.30
C1141,3,2,89.99,0.12,3,2,89.99,0.30
C1153,1,1,89.99,0.12,1,1,89.99,0.30
C1143,1,1,85.49,0.11,1,1,85.49,0.29
C1122,1,1,85.47,0.11,1,1,85.47,0.29
C1101,4,3,82.98,0.11,4,3,82.98,0.28
C1013,1,1,80.99,0.10,1,1,80.99,0.27
C1140,1,1,80.99,0.10,1,1,80.99,0.27
C1052,2,2,80.97,0.10,2,2,80.97,0.27
C1038,2,1,79.00,0.10,2,1,79.00,0.26
C1039,3,1,79.00,0.10,3,1,79.00,0.26
C1170,2,1,79.00,0.10,2,1,79.00,0.26
C1067,3,2,75.05,0.10,3,2,75.05,0.25
C1075,1,1,75.05,0.10,1,1,75.05,0.25
C1198,2,2,72.22,0.09,2,2,72.22,0.24
C1116,2,1,67.47,0.09,2,1,67.47,0.23
C1062,2,2,67.15,0.09,2,2,67.15,0.22
C1104,3,2,63.32,0.08,3,2,63.32,0.21
C1197,1,1,62.98,0.08,1,1,62.98,0.21
C1161,2,2,62.47,0.08,2,2,62.47,0.21
C1132,1,1,59.98,0.08,1,1,59.98,0.20
C1166,3,3,59.98,0.08,3,3,59.98,0.20
C1137,1,1,58.50,0.08,1,1,58.50,0.20
C1025,2,2,56.96,0.07,2,2,56.96,0.19
C1024,1,1,56.52,0.07,1,1,56.52,0.19
C1121,2,1,56.52,0.07,2,1,56.52,0.19
C1056,4,2,54.97,0.07,4,2,54.97,0.18
C1046,3,2,50.98,0.07,3,2,50.98,0.17
C1047,1,1,50.98,0.07,1,1,50.98,0.17
C1070,2,1,50.98,0.07,2,1,50.98,0.17
C1124,3,2,50.98,0.07,3,2,50.98,0.17
C1136,2,1,50.97,0.07,2,1,50.97,0.17
C1129,2,1,49.98,0.06,2,1,49.98,0.17
C1011,3,2,43.52,0.06,3,2,43.52,0.15
C1032,3,2,43.52,0.06,3,2,43.52,0.15
C1158,2,1,39.00,0.05,2,1,39.00,0.13
C1130,2,2,37.48,0.05,2,2,37.48,0.13
C1156,2,1,37.05,0.05,2,1,37.05,0.12
C1110,1,1,34.99,0.05,1,1,34.99,0.12
C1009,1,1,33.24,0.04,1,1,33.24,0.11
C1078,2,2,33.24,0.04,2,2,33.24,0.11
C1187,2,1,31.49,0.04,2,1,31.49,0.11
C1172,2,2,29.99,0.04,2,2,29.99,0.10
C1031,3,1,29.98,0.04,3,1,29.98,0.10
C1087,1,1,29.98,0.04,1,1,29.98,0.10
C1146,1,1,29.98,0.04,1,1,29.98,0.10
C1054,1,1,29.74,0.04,1,1,29.74,0.10
C1109,1,1,26.98,0.03,1,1,26.98,0.09
C1044,1,1,23.74,0.03,1,1,23.74,0.08
C1106,1,1,23.74,0.03,1,1,23.74,0.08
C1186,2,1,23.74,0.03,2,1,23.74,0.08
C1117,2,2,21.24,0.03,2,2,21.24,0.07
C1022,1,1,19.50,0.03,1,1,19.50,0.07
C1080,1,1,19.50,0.03,1,1,19.50,0.07
C1079,3,1,18.52,0.02,3,1,18.52,0.06
C1155,3,2,17.55,0.02,3,2,17.55,0.06
C1097,2,1,14.99,0.02,2,1,14.99,0.05
C1123,1,1,14.99,0.02,1,1,14.99,0.05
C1042,1,1,14.24,0.02,1,1,14.24,0.05
C1059,1,1,14.24,0.02,1,1,14.24,0.05
C1074,3,1,14.24,0.02,3,1,14.24,0.05
C1055,1,1,12.74,0.02,1,1,12.74,0.04
C1006,1,0,0.00,0.00,1,0,0.00,0.00
C1017,2,0,0.00,0.00,2,0,0.00,0.00
C1029,1,0,0.00,0.00,1,0,0.00,0.00
C1030,1,0,0.00,0.00,1,0,0.00,0.00
C1036,1,1,0.00,0.00,1,1,0.00,0.00
C1049,1,0,0.00,0.00,1,0,0.00,0.00
C1051,1,0,0.00,0.00,1,0,0.00,0.00
C1057,1,0,0.00,0.00,1,0,0.00,0.00
C1071,1,1,0.00,0.00,1,1,0.00,0.00
C1072,1,0,0.00,0.00,1,0,0.00,0.00
C1081,1,0,0.00,0.00,1,0,0.00,0.00
C1084,2,0,0.00,0.00,2,0,0.00,0.00
C1099,1,0,0.00,0.00,1,0,0.00,0.00
C1112,2,0,0.00,0.00,2,0,0.00,0.00
C1115,3,1,0.00,0.00,3,1,0.00,0.00
C1127,1,1,0.00,0.00,1,1,0.00,0.00
C1134,1,0,0.00,0.00,1,0,0.00,0.00
C1139,1,1,0.00,0.00,1,1,0.00,0.00
C1145,1,0,0.00,0.00,1,0,0.00,0.00
C1159,1,0,0.00,0.00,1,0,0.00,0.00
C1168,2,0,0.00,0.00,2,0,0.00,0.00
C1179,1,0,0.00,0.00,1,0,0.00,0.00
C1188,1,0,0.00,0.00,1,0,0.00,0.00
